"RK",TIERS,"PLAYER NAME",TEAM,"POS","BYE","UPSIDE ","BUST ","SOS","ECR VS ADP"
"1",1,"Ja'Marr Chase",CIN,"WR1","10","Coach Upside rating","Coach Bust rating","3 out of 5 stars","0"
"2",1,"CeeDee Lamb",DAL,"WR2","10","Coach Upside rating","Coach Bust rating","2 out of 5 stars","+4"
"3",1,"Justin Jefferson",MIN,"WR3","6","Coach Upside rating","Coach Bust rating","2 out of 5 stars","+2"
"4",1,"Bijan Robinson",ATL,"RB1","5","Coach Upside rating","Coach Bust rating","4 out of 5 stars","-2"
"5",2,"Malik Nabers",NYG,"WR4","14","Coach Upside rating","Coach Bust rating","2 out of 5 stars","+4"
"6",2,"Amon-Ra St. Brown",DET,"WR5","8","Coach Upside rating","Coach Bust rating","3 out of 5 stars","+2"
"7",2,"Jahmyr Gibbs",DET,"RB2","8","Coach Upside rating","Coach Bust rating","2 out of 5 stars","-3"
"8",2,"Nico Collins",HOU,"WR6","6","Coach Upside rating","Coach Bust rating","4 out of 5 stars","+5"
"9",2,"Puka Nacua",LAR,"WR7","8","Coach Upside rating","Coach Bust rating","3 out of 5 stars","+3"
"10",2,"Saquon Barkley",PHI,"RB3","9","Coach Upside rating","Coach Bust rating","3 out of 5 stars","-7"
"11",2,"Brian Thomas Jr.",JAC,"WR8","8","Coach Upside rating","Coach Bust rating","4 out of 5 stars","+4"
"12",2,"Christian McCaffrey",SF,"RB4","14","Coach Upside rating","Coach Bust rating","3 out of 5 stars","-5"
"13",2,"Drake London",ATL,"WR9","5","Coach Upside rating","Coach Bust rating","3 out of 5 stars","+4"
"14",3,"A.J. Brown",PHI,"WR10","9","Coach Upside rating","Coach Bust rating","3 out of 5 stars","+6"
"15",3,"Ladd McConkey",LAC,"WR11","12","Coach Upside rating","Coach Bust rating","3 out of 5 stars","+11"
"16",3,"Brock Bowers",LV,"TE1","8","Coach Upside rating","Coach Bust rating","2 out of 5 stars","+2"
"17",3,"Ashton Jeanty",LV,"RB5","8","Coach Upside rating","Coach Bust rating","2 out of 5 stars","-6"
"18",3,"De'Von Achane",MIA,"RB6","12","Coach Upside rating","Coach Bust rating","4 out of 5 stars","-4"
"19",3,"Trey McBride",ARI,"TE2","8","Coach Upside rating","Coach Bust rating","5 out of 5 stars","+8"
"20",3,"Jaxon Smith-Njigba",SEA,"WR12","8","Coach Upside rating","Coach Bust rating","3 out of 5 stars","+13"
"21",4,"Tee Higgins",CIN,"WR13","10","Coach Upside rating","Coach Bust rating","3 out of 5 stars","+8"
"22",4,"Derrick Henry",BAL,"RB7","7","Coach Upside rating","Coach Bust rating","4 out of 5 stars","-12"
"23",4,"Josh Allen",BUF,"QB1","7","Coach Upside rating","Coach Bust rating","4 out of 5 stars","-2"
"24",4,"Lamar Jackson",BAL,"QB2","7","Coach Upside rating","Coach Bust rating","3 out of 5 stars","0"
"25",4,"Garrett Wilson",NYJ,"WR14","9","Coach Upside rating","Coach Bust rating","4 out of 5 stars","+16"
"26",4,"Chase Brown",CIN,"RB8","10","Coach Upside rating","Coach Bust rating","4 out of 5 stars","-4"
"27",4,"Bucky Irving",TB,"RB9","9","Coach Upside rating","Coach Bust rating","3 out of 5 stars","-4"
"28",4,"Tyreek Hill",MIA,"WR15","12","Coach Upside rating","Coach Bust rating","3 out of 5 stars","+3"
"29",4,"Josh Jacobs",GB,"RB10","5","Coach Upside rating","Coach Bust rating","4 out of 5 stars","-13"
"30",4,"George Kittle",SF,"TE3","14","Coach Upside rating","Coach Bust rating","3 out of 5 stars","+8"
"31",4,"Mike Evans",TB,"WR16","9","Coach Upside rating","Coach Bust rating","3 out of 5 stars","+9"
"32",4,"Davante Adams",LAR,"WR17","8","Coach Upside rating","Coach Bust rating","3 out of 5 stars","+10"
"33",4,"Jayden Daniels",WAS,"QB3","12","Coach Upside rating","Coach Bust rating","2 out of 5 stars","-3"
"34",4,"Jonathan Taylor",IND,"RB11","11","Coach Upside rating","Coach Bust rating","2 out of 5 stars","-15"
"35",5,"Terry McLaurin",WAS,"WR18","12","Coach Upside rating","Coach Bust rating","3 out of 5 stars","+4"
"36",5,"Marvin Harrison Jr.",ARI,"WR19","8","Coach Upside rating","Coach Bust rating","4 out of 5 stars","+8"
"37",5,"Jalen Hurts",PHI,"QB4","9","Coach Upside rating","Coach Bust rating","3 out of 5 stars","-3"
"38",5,"Kyren Williams",LAR,"RB12","8","Coach Upside rating","Coach Bust rating","3 out of 5 stars","-13"
"39",5,"DJ Moore",CHI,"WR20","5","Coach Upside rating","Coach Bust rating","2 out of 5 stars","+9"
"40",5,"Courtland Sutton",DEN,"WR21","12","Coach Upside rating","Coach Bust rating","3 out of 5 stars","+11"
"41",5,"Tetairoa McMillan",CAR,"WR22","14","Coach Upside rating","Coach Bust rating","4 out of 5 stars","+19"
"42",5,"Alvin Kamara",NO,"RB13","11","Coach Upside rating","Coach Bust rating","4 out of 5 stars","-6"
"43",5,"James Cook",BUF,"RB14","7","Coach Upside rating","Coach Bust rating","4 out of 5 stars","-15"
"44",5,"DK Metcalf",PIT,"WR23","5","Coach Upside rating","Coach Bust rating","4 out of 5 stars","+5"
"45",5,"Kenneth Walker III",SEA,"RB15","8","Coach Upside rating","Coach Bust rating","3 out of 5 stars","-2"
"46",5,"Omarion Hampton",LAC,"RB16","12","Coach Upside rating","Coach Bust rating","2 out of 5 stars","-11"
"47",5,"DeVonta Smith",PHI,"WR24","9","Coach Upside rating","Coach Bust rating","3 out of 5 stars","+8"
"48",5,"Joe Burrow",CIN,"QB5","10","Coach Upside rating","Coach Bust rating","2 out of 5 stars","-16"
"49",5,"Breece Hall",NYJ,"RB17","9","Coach Upside rating","Coach Bust rating","5 out of 5 stars","-12"
"50",6,"Jaylen Waddle",MIA,"WR25","12","Coach Upside rating","Coach Bust rating","3 out of 5 stars","+22"
"51",6,"Xavier Worthy",KC,"WR26","10","Coach Upside rating","Coach Bust rating","3 out of 5 stars","+2"
"52",6,"Calvin Ridley",TEN,"WR27","10","Coach Upside rating","Coach Bust rating","4 out of 5 stars","+12"
"53",6,"Chuba Hubbard",CAR,"RB18","14","Coach Upside rating","Coach Bust rating","3 out of 5 stars","-8"
"54",6,"George Pickens",DAL,"WR28","10","Coach Upside rating","Coach Bust rating","2 out of 5 stars","+12"
"55",6,"TreVeyon Henderson",NE,"RB19","14","Coach Upside rating","Coach Bust rating","4 out of 5 stars","-9"
"56",6,"James Conner",ARI,"RB20","8","Coach Upside rating","Coach Bust rating","3 out of 5 stars","-9"
"57",6,"Zay Flowers",BAL,"WR29","7","Coach Upside rating","Coach Bust rating","3 out of 5 stars","+2"
"58",6,"Jameson Williams",DET,"WR30","8","Coach Upside rating","Coach Bust rating","3 out of 5 stars","-1"
"59",6,"Patrick Mahomes II",KC,"QB6","10","Coach Upside rating","Coach Bust rating","3 out of 5 stars","-9"
"60",6,"Tony Pollard",TEN,"RB21","10","Coach Upside rating","Coach Bust rating","2 out of 5 stars","+9"
"61",6,"Chris Olave",NO,"WR31","11","Coach Upside rating","Coach Bust rating","4 out of 5 stars","+17"
"62",6,"T.J. Hockenson",MIN,"TE4","6","Coach Upside rating","Coach Bust rating","3 out of 5 stars","+3"
"63",6,"RJ Harvey",DEN,"RB22","12","Coach Upside rating","Coach Bust rating","2 out of 5 stars","-2"
"64",6,"D'Andre Swift",CHI,"RB23","5","Coach Upside rating","Coach Bust rating","3 out of 5 stars","-10"
"65",6,"Sam LaPorta",DET,"TE5","8","Coach Upside rating","Coach Bust rating","3 out of 5 stars","-13"
"66",7,"Isiah Pacheco",KC,"RB24","10","Coach Upside rating","Coach Bust rating","2 out of 5 stars","-8"
"67",7,"David Montgomery",DET,"RB25","8","Coach Upside rating","Coach Bust rating","2 out of 5 stars","-11"
"68",7,"Travis Hunter",JAC,"WR32","8","Coach Upside rating","Coach Bust rating","4 out of 5 stars","+2"
"69",7,"Jerry Jeudy",CLE,"WR33","9","Coach Upside rating","Coach Bust rating","2 out of 5 stars","+5"
"70",7,"Baker Mayfield",TB,"QB7","9","Coach Upside rating","Coach Bust rating","2 out of 5 stars","-7"
"71",7,"Aaron Jones Sr.",MIN,"RB26","6","Coach Upside rating","Coach Bust rating","3 out of 5 stars","-4"
"72",7,"Bo Nix",DEN,"QB8","12","Coach Upside rating","Coach Bust rating","4 out of 5 stars","-1"
"73",7,"Rome Odunze",CHI,"WR34","5","Coach Upside rating","Coach Bust rating","2 out of 5 stars","+4"
"74",7,"Emeka Egbuka",TB,"WR35","9","Coach Upside rating","Coach Bust rating","3 out of 5 stars","+14"
"75",7,"Stefon Diggs",NE,"WR36","14","Coach Upside rating","Coach Bust rating","3 out of 5 stars","+7"
"76",7,"Travis Kelce",KC,"TE6","10","Coach Upside rating","Coach Bust rating","3 out of 5 stars","-14"
"77",7,"Rashee Rice",KC,"WR37","10","Coach Upside rating","Coach Bust rating","3 out of 5 stars","-9"
"78",7,"Ricky Pearsall",SF,"WR38","14","Coach Upside rating","Coach Bust rating","4 out of 5 stars","+7"
"79",7,"Jakobi Meyers",LV,"WR39","8","Coach Upside rating","Coach Bust rating","4 out of 5 stars","+7"
"80",7,"Kyler Murray",ARI,"QB9","8","Coach Upside rating","Coach Bust rating","4 out of 5 stars","+3"
"81",7,"Tyrone Tracy Jr.",NYG,"RB27","14","Coach Upside rating","Coach Bust rating","3 out of 5 stars","-5"
"82",7,"Dak Prescott",DAL,"QB10","10","Coach Upside rating","Coach Bust rating","2 out of 5 stars","+12"
"83",7,"Jaylen Warren",PIT,"RB28","5","Coach Upside rating","Coach Bust rating","4 out of 5 stars","+1"
"84",7,"David Njoku",CLE,"TE7","9","Coach Upside rating","Coach Bust rating","3 out of 5 stars","-3"
"85",7,"Evan Engram",DEN,"TE8","12","Coach Upside rating","Coach Bust rating","3 out of 5 stars","-6"
"86",7,"Mark Andrews",BAL,"TE9","7","Coach Upside rating","Coach Bust rating","3 out of 5 stars","-13"
"87",8,"Kaleb Johnson",PIT,"RB29","5","Coach Upside rating","Coach Bust rating","4 out of 5 stars","-12"
"88",8,"Khalil Shakir",BUF,"WR40","7","Coach Upside rating","Coach Bust rating","3 out of 5 stars","+7"
"89",8,"Travis Etienne Jr.",JAC,"RB30","8","Coach Upside rating","Coach Bust rating","2 out of 5 stars","+3"
"90",8,"Jordan Addison",MIN,"WR41","6","Coach Upside rating","Coach Bust rating","2 out of 5 stars","+1"
"91",8,"Deebo Samuel Sr.",WAS,"WR42","12","Coach Upside rating","Coach Bust rating","3 out of 5 stars","-11"
"92",8,"Brock Purdy",SF,"QB11","14","Coach Upside rating","Coach Bust rating","4 out of 5 stars","+1"
"93",8,"Justin Fields",NYJ,"QB12","9","Coach Upside rating","Coach Bust rating","5 out of 5 stars","+16"
"94",8,"Jauan Jennings",SF,"WR43","14","Coach Upside rating","Coach Bust rating","4 out of 5 stars","+11"
"95",8,"Josh Downs",IND,"WR44","11","Coach Upside rating","Coach Bust rating","4 out of 5 stars","+27"
"96",8,"Zach Charbonnet",SEA,"RB31","8","Coach Upside rating","Coach Bust rating","3 out of 5 stars","+11"
"97",8,"Michael Pittman Jr.",IND,"WR45","11","Coach Upside rating","Coach Bust rating","4 out of 5 stars","+14"
"98",8,"Matthew Golden",GB,"WR46","5","Coach Upside rating","Coach Bust rating","2 out of 5 stars","-8"
"99",8,"Justin Herbert",LAC,"QB13","12","Coach Upside rating","Coach Bust rating","3 out of 5 stars","+11"
"100",8,"Drake Maye",NE,"QB14","14","Coach Upside rating","Coach Bust rating","5 out of 5 stars","+24"
"101",8,"Jordan Mason",MIN,"RB32","6","Coach Upside rating","Coach Bust rating","3 out of 5 stars","-3"
"102",8,"Tyler Warren",IND,"TE10","11","Coach Upside rating","Coach Bust rating","3 out of 5 stars","-13"
"103",8,"Caleb Williams",CHI,"QB15","5","Coach Upside rating","Coach Bust rating","2 out of 5 stars","+15"
"104",8,"Tucker Kraft",GB,"TE11","5","Coach Upside rating","Coach Bust rating","2 out of 5 stars","+4"
"105",8,"Jared Goff",DET,"QB16","8","Coach Upside rating","Coach Bust rating","2 out of 5 stars","-4"
"106",8,"Javonte Williams",DAL,"RB33","10","Coach Upside rating","Coach Bust rating","2 out of 5 stars","0"
"107",8,"Cooper Kupp",SEA,"WR47","8","Coach Upside rating","Coach Bust rating","3 out of 5 stars","-20"
"108",8,"Chris Godwin Jr.",TB,"WR48","9","Coach Upside rating","Coach Bust rating","3 out of 5 stars","-12"
"109",8,"Jacory Croskey-Merritt",WAS,"RB34","12","Coach Upside rating","Coach Bust rating","2 out of 5 stars","-12"
"110",8,"Jordan Love",GB,"QB17","5","Coach Upside rating","Coach Bust rating","2 out of 5 stars","+24"
"111",8,"Trevor Lawrence",JAC,"QB18","8","Coach Upside rating","Coach Bust rating","3 out of 5 stars","+44"
"112",8,"Jake Ferguson",DAL,"TE12","10","Coach Upside rating","Coach Bust rating","2 out of 5 stars","+23"
"113",8,"J.K. Dobbins",DEN,"RB35","12","Coach Upside rating","Coach Bust rating","2 out of 5 stars","-9"
"114",8,"Jayden Reed",GB,"WR49","5","Coach Upside rating","Coach Bust rating","2 out of 5 stars","+7"
"115",8,"Austin Ekeler",WAS,"RB36","12","Coach Upside rating","Coach Bust rating","2 out of 5 stars","+1"
"116",8,"C.J. Stroud",HOU,"QB19","6","Coach Upside rating","Coach Bust rating","3 out of 5 stars","+10"
"117",8,"J.J. McCarthy",MIN,"QB20","6","Coach Upside rating","Coach Bust rating","2 out of 5 stars","+24"
"118",9,"Rhamondre Stevenson",NE,"RB37","14","Coach Upside rating","Coach Bust rating","4 out of 5 stars","-5"
"119",9,"Darnell Mooney",ATL,"WR50","5","Coach Upside rating","Coach Bust rating","3 out of 5 stars","+17"
"120",9,"Dalton Kincaid",BUF,"TE13","7","Coach Upside rating","Coach Bust rating","3 out of 5 stars","+3"
"121",9,"Keon Coleman",BUF,"WR51","7","Coach Upside rating","Coach Bust rating","3 out of 5 stars","-4"
"122",9,"Tank Bigsby",JAC,"RB38","8","Coach Upside rating","Coach Bust rating","2 out of 5 stars","+5"
"123",9,"Cam Skattebo",NYG,"RB39","14","Coach Upside rating","Coach Bust rating","3 out of 5 stars","-23"
"124",9,"Christian Kirk",HOU,"WR52","6","Coach Upside rating","Coach Bust rating","4 out of 5 stars","+26"
"125",9,"Colston Loveland",CHI,"TE14","5","Coach Upside rating","Coach Bust rating","4 out of 5 stars","-11"
"126",9,"Rashid Shaheed",NO,"WR53","11","Coach Upside rating","Coach Bust rating","4 out of 5 stars","+19"
"127",9,"Dallas Goedert",PHI,"TE15","9","Coach Upside rating","Coach Bust rating","3 out of 5 stars","+12"
"128",9,"Rachaad White",TB,"RB40","9","Coach Upside rating","Coach Bust rating","3 out of 5 stars","+12"
"129",9,"Braelon Allen",NYJ,"RB41","9","Coach Upside rating","Coach Bust rating","5 out of 5 stars","+15"
"130",9,"Brandon Aiyuk",SF,"WR54","14","Coach Upside rating","Coach Bust rating","4 out of 5 stars","+12"
"131",9,"Tua Tagovailoa",MIA,"QB21","12","Coach Upside rating","Coach Bust rating","5 out of 5 stars","+36"
"132",9,"Najee Harris",LAC,"RB42","12","Coach Upside rating","Coach Bust rating","2 out of 5 stars","-1"
"133",9,"Bryce Young",CAR,"QB22","14","Coach Upside rating","Coach Bust rating","3 out of 5 stars","+50"
"134",9,"Luther Burden III",CHI,"WR55","5","Coach Upside rating","Coach Bust rating","2 out of 5 stars","+32"
"135",9,"Cedric Tillman",CLE,"WR56","9","Coach Upside rating","Coach Bust rating","2 out of 5 stars","+56"
"136",9,"Marvin Mims Jr.",DEN,"WR57","12","Coach Upside rating","Coach Bust rating","3 out of 5 stars","+16"
"137",9,"Trey Benson",ARI,"RB43","8","Coach Upside rating","Coach Bust rating","3 out of 5 stars","+17"
"138",9,"Michael Penix Jr.",ATL,"QB23","5","Coach Upside rating","Coach Bust rating","4 out of 5 stars","+44"
"139",9,"Rashod Bateman",BAL,"WR58","7","Coach Upside rating","Coach Bust rating","3 out of 5 stars","+30"
"140",9,"Joe Mixon",HOU,"RB44","6","Coach Upside rating","Coach Bust rating","2 out of 5 stars","-41"
"141",9,"Hunter Henry",NE,"TE16","14","Coach Upside rating","Coach Bust rating","3 out of 5 stars","+17"
"142",9,"Ray Davis",BUF,"RB45","7","Coach Upside rating","Coach Bust rating","4 out of 5 stars","+28"
"143",9,"Brian Robinson Jr.",SF,"RB46","14","Coach Upside rating","Coach Bust rating","3 out of 5 stars","-23"
"144",9,"Kyle Pitts Sr.",ATL,"TE17","5","Coach Upside rating","Coach Bust rating","3 out of 5 stars","-14"
"145",9,"Quinshon Judkins",CLE,"RB47","9","Coach Upside rating","Coach Bust rating","4 out of 5 stars","-30"
"146",9,"Geno Smith",LV,"QB24","8","Coach Upside rating","Coach Bust rating","3 out of 5 stars","+43"
"147",9,"Jerome Ford",CLE,"RB48","9","Coach Upside rating","Coach Bust rating","4 out of 5 stars","+10"
"148",9,"Jaydon Blue",DAL,"RB49","10","Coach Upside rating","Coach Bust rating","2 out of 5 stars","-10"
"149",9,"Jayden Higgins",HOU,"WR59","6","Coach Upside rating","Coach Bust rating","4 out of 5 stars","-2"
"150",9,"Tyjae Spears",TEN,"RB50","10","Coach Upside rating","Coach Bust rating","2 out of 5 stars","+14"
"151",9,"Bhayshul Tuten",JAC,"RB51","8","Coach Upside rating","Coach Bust rating","2 out of 5 stars","0"
"152",10,"Matthew Stafford",LAR,"QB25","8","Coach Upside rating","Coach Bust rating","3 out of 5 stars","+23"
"153",10,"Nick Chubb",HOU,"RB52","6","Coach Upside rating","Coach Bust rating","2 out of 5 stars","-21"
"154",10,"Dylan Sampson",CLE,"RB53","9","Coach Upside rating","Coach Bust rating","4 out of 5 stars","+25"
"155",10,"Wan'Dale Robinson",NYG,"WR60","14","Coach Upside rating","Coach Bust rating","2 out of 5 stars","+29"
"156",10,"Keenan Allen",LAC,"WR61","12","Coach Upside rating","Coach Bust rating","3 out of 5 stars","-8"
"157",10,"Tyler Allgeier",ATL,"RB54","5","Coach Upside rating","Coach Bust rating","4 out of 5 stars","+5"
"158",10,"Romeo Doubs",GB,"WR62","5","Coach Upside rating","Coach Bust rating","2 out of 5 stars","+56"
"159",10,"Zach Ertz",WAS,"TE18","12","Coach Upside rating","Coach Bust rating","3 out of 5 stars","-6"
"160",10,"Denver Broncos",DEN,"DST1","12","Coach Upside rating–No rating available","Coach Bust rating–No rating available","4 out of 5 stars","-57"
"161",10,"DeMario Douglas",NE,"WR63","14","Coach Upside rating","Coach Bust rating","3 out of 5 stars","+37"
"162",10,"Adam Thielen",MIN,"WR64","6","Coach Upside rating","Coach Bust rating","2 out of 5 stars","-2"
"163",10,"Marquise Brown",KC,"WR65","10","Coach Upside rating","Coach Bust rating","3 out of 5 stars","-4"
"164",10,"Jonnu Smith",PIT,"TE19","5","Coach Upside rating","Coach Bust rating","3 out of 5 stars","-15"
"165",10,"Joshua Palmer",BUF,"WR66","7","Coach Upside rating","Coach Bust rating","3 out of 5 stars","+63"
"166",10,"Rico Dowdle",CAR,"RB55","14","Coach Upside rating","Coach Bust rating","3 out of 5 stars","+40"
"167",10,"Cam Ward",TEN,"QB26","10","Coach Upside rating","Coach Bust rating","2 out of 5 stars","+6"
"168",10,"Philadelphia Eagles",PHI,"DST2","9","Coach Upside rating–No rating available","Coach Bust rating–No rating available","2 out of 5 stars","-56"
"169",10,"Kyle Williams",NE,"WR67","14","Coach Upside rating","Coach Bust rating","3 out of 5 stars","+60"
"170",10,"Xavier Legette",CAR,"WR68","14","Coach Upside rating","Coach Bust rating","4 out of 5 stars","+7"
"171",10,"Sam Darnold",SEA,"QB27","8","Coach Upside rating","Coach Bust rating","4 out of 5 stars","+42"
"172",10,"Pittsburgh Steelers",PIT,"DST3","5","Coach Upside rating–No rating available","Coach Bust rating–No rating available","3 out of 5 stars","-43"
"173",10,"Tre' Harris",LAC,"WR69","12","Coach Upside rating","Coach Bust rating","3 out of 5 stars","+48"
"174",10,"Brenton Strange",JAC,"TE20","8","Coach Upside rating","Coach Bust rating","3 out of 5 stars","+16"
"175",10,"Baltimore Ravens",BAL,"DST4","7","Coach Upside rating–No rating available","Coach Bust rating–No rating available","3 out of 5 stars","-56"
"176",10,"Jalen Coker",CAR,"WR70","14","Coach Upside rating","Coach Bust rating","4 out of 5 stars","+76"
"177",10,"Quentin Johnston",LAC,"WR71","12","Coach Upside rating","Coach Bust rating","3 out of 5 stars","+60"
"178",10,"Minnesota Vikings",MIN,"DST5","6","Coach Upside rating–No rating available","Coach Bust rating–No rating available","2 out of 5 stars","-35"
"179",10,"Chig Okonkwo",TEN,"TE21","10","Coach Upside rating","Coach Bust rating","3 out of 5 stars","+51"
"180",10,"Ollie Gordon II",MIA,"RB56","12","Coach Upside rating","Coach Bust rating","4 out of 5 stars","-4"
"181",10,"Houston Texans",HOU,"DST6","6","Coach Upside rating–No rating available","Coach Bust rating–No rating available","2 out of 5 stars","-44"
"182",11,"Kansas City Chiefs",KC,"DST7","10","Coach Upside rating–No rating available","Coach Bust rating–No rating available","1 out of 5 stars","-8"
"183",11,"Buffalo Bills",BUF,"DST8","7","Coach Upside rating–No rating available","Coach Bust rating–No rating available","5 out of 5 stars","-50"
"184",11,"Brandon Aubrey",DAL,"K1","10","Coach Upside rating","Coach Bust rating","4 out of 5 stars","-82"
"185",11,"DeAndre Hopkins",BAL,"WR72","7","Coach Upside rating","Coach Bust rating","3 out of 5 stars","+42"
"186",11,"Detroit Lions",DET,"DST9","8","Coach Upside rating–No rating available","Coach Bust rating–No rating available","1 out of 5 stars","-23"
"187",11,"Blake Corum",LAR,"RB57","8","Coach Upside rating","Coach Bust rating","3 out of 5 stars","+45"
"188",11,"Woody Marks",HOU,"RB58","6","Coach Upside rating","Coach Bust rating","2 out of 5 stars","+55"
"189",11,"Roschon Johnson",CHI,"RB59","5","Coach Upside rating","Coach Bust rating","3 out of 5 stars","+36"
"190",11,"Cameron Dicker",LAC,"K2","12","Coach Upside rating","Coach Bust rating","5 out of 5 stars","-62"
"191",11,"Jake Bates",DET,"K3","8","Coach Upside rating","Coach Bust rating","1 out of 5 stars","-66"
"192",11,"Seattle Seahawks",SEA,"DST10","8","Coach Upside rating–No rating available","Coach Bust rating–No rating available","3 out of 5 stars","-6"
"193",11,"Mike Gesicki",CIN,"TE22","10","Coach Upside rating","Coach Bust rating","2 out of 5 stars","+76"
"194",11,"Aaron Rodgers",PIT,"QB28","5","Coach Upside rating","Coach Bust rating","4 out of 5 stars","+21"
"195",11,"Isaac Guerendo",SF,"RB60","14","Coach Upside rating","Coach Bust rating","3 out of 5 stars","+12"
"196",11,"Pat Freiermuth",PIT,"TE23","5","Coach Upside rating","Coach Bust rating","3 out of 5 stars","+15"
"197",11,"Cade Otton",TB,"TE24","9","Coach Upside rating","Coach Bust rating","3 out of 5 stars","+15"
"198",11,"Green Bay Packers",GB,"DST11","5","Coach Upside rating–No rating available","Coach Bust rating–No rating available","2 out of 5 stars","-20"
"199",11,"Los Angeles Rams",LAR,"DST12","8","Coach Upside rating–No rating available","Coach Bust rating–No rating available","3 out of 5 stars","+3"
"200",11,"Wil Lutz",DEN,"K4","12","Coach Upside rating","Coach Bust rating","5 out of 5 stars","-13"
"201",11,"Los Angeles Chargers",LAC,"DST13","12","Coach Upside rating–No rating available","Coach Bust rating–No rating available","5 out of 5 stars","-6"
"202",11,"Ka'imi Fairbairn",HOU,"K5","6","Coach Upside rating","Coach Bust rating","3 out of 5 stars","-41"
"203",11,"Isaiah Likely",BAL,"TE25","7","Coach Upside rating","Coach Bust rating","3 out of 5 stars","-22"
"204",11,"Alec Pierce",IND,"WR73","11","Coach Upside rating","Coach Bust rating","4 out of 5 stars","+40"
"205",11,"Chase McLaughlin",TB,"K6","9","Coach Upside rating","Coach Bust rating","3 out of 5 stars","-59"
"206",11,"Michael Wilson",ARI,"WR74","8","Coach Upside rating–No rating available","Coach Bust rating–No rating available","4 out of 5 stars","+89"
"207",11,"Jaylen Wright",MIA,"RB61","12","Coach Upside rating","Coach Bust rating","4 out of 5 stars","-14"
"208",11,"Mason Taylor",NYJ,"TE26","9","Coach Upside rating","Coach Bust rating","3 out of 5 stars","+31"
"209",11,"Chris Boswell",PIT,"K7","5","Coach Upside rating","Coach Bust rating","1 out of 5 stars","-53"
"210",11,"Will Shipley",PHI,"RB62","9","Coach Upside rating","Coach Bust rating","3 out of 5 stars","-9"
"211",11,"Darius Slayton",NYG,"WR75","14","Coach Upside rating","Coach Bust rating","2 out of 5 stars","+81"
"212",11,"Adonai Mitchell",IND,"WR76","11","Coach Upside rating","Coach Bust rating","4 out of 5 stars","+84"
"213",11,"Evan McPherson",CIN,"K8","10","Coach Upside rating","Coach Bust rating","1 out of 5 stars","-19"
"214",11,"Pat Bryant",DEN,"WR77","12","Coach Upside rating","Coach Bust rating","3 out of 5 stars","+49"
"215",11,"Jack Bech",LV,"WR78","8","Coach Upside rating","Coach Bust rating","4 out of 5 stars","+19"
"216",11,"Harrison Butker",KC,"K9","10","Coach Upside rating","Coach Bust rating","3 out of 5 stars","-44"
"217",11,"Jaylin Noel",HOU,"WR79","6","Coach Upside rating","Coach Bust rating","4 out of 5 stars","+71"
"218",11,"Elic Ayomanor",TEN,"WR80","10","Coach Upside rating","Coach Bust rating","4 out of 5 stars","+59"
"219",11,"New York Jets",NYJ,"DST14","9","Coach Upside rating–No rating available","Coach Bust rating–No rating available","5 out of 5 stars","-16"
"220",11,"Justice Hill",BAL,"RB63","7","Coach Upside rating","Coach Bust rating","4 out of 5 stars","+15"
"221",11,"Tyler Bass",BUF,"K10","7","Coach Upside rating","Coach Bust rating","2 out of 5 stars","-50"
"222",11,"Daniel Jones",IND,"QB29","11","Coach Upside rating","Coach Bust rating","3 out of 5 stars","+31"
"223",11,"San Francisco 49ers",SF,"DST15","14","Coach Upside rating–No rating available","Coach Bust rating–No rating available","5 out of 5 stars","-58"
"224",11,"Andrei Iosivas",CIN,"WR81","10","Coach Upside rating","Coach Bust rating","3 out of 5 stars","+59"
"225",11,"DJ Giddens",IND,"RB64","11","Coach Upside rating","Coach Bust rating","2 out of 5 stars","+23"
"226",11,"Jake Elliott",PHI,"K11","9","Coach Upside rating","Coach Bust rating","2 out of 5 stars","-58"
"227",11,"Kendre Miller",NO,"RB65","11","Coach Upside rating","Coach Bust rating","4 out of 5 stars","-1"
"228",11,"Chris Rodriguez Jr.",WAS,"RB66","12","Coach Upside rating","Coach Bust rating","2 out of 5 stars","+66"
"229",11,"Kareem Hunt",KC,"RB67","10","Coach Upside rating","Coach Bust rating","2 out of 5 stars","-25"
"230",11,"Kyle Monangai",CHI,"RB68","5","Coach Upside rating","Coach Bust rating","3 out of 5 stars","+21"
"231",12,"Calvin Austin III",PIT,"WR82","5","Coach Upside rating","Coach Bust rating","4 out of 5 stars","+49"
"232",12,"Dalton Schultz",HOU,"TE27","6","Coach Upside rating","Coach Bust rating","3 out of 5 stars","-1"
"233",12,"Dontayvion Wicks",GB,"WR83","5","Coach Upside rating","Coach Bust rating","2 out of 5 stars","+46"
"234",12,"Tyler Lockett",TEN,"WR84","10","Coach Upside rating","Coach Bust rating","4 out of 5 stars","+40"
"235",12,"Jalen McMillan",TB,"WR85","9","Coach Upside rating","Coach Bust rating","3 out of 5 stars","+43"
"236",12,"Ja'Tavion Sanders",CAR,"TE28","14","Coach Upside rating","Coach Bust rating","4 out of 5 stars","+46"
"237",12,"Tory Horton",SEA,"WR86","8","Coach Upside rating","Coach Bust rating","3 out of 5 stars","+5"
"238",12,"Russell Wilson",NYG,"QB30","14","Coach Upside rating","Coach Bust rating","1 out of 5 stars","+8"
"239",12,"MarShawn Lloyd",GB,"RB69","5","Coach Upside rating","Coach Bust rating","4 out of 5 stars","+16"
"240",12,"Keaton Mitchell",BAL,"RB70","7","Coach Upside rating","Coach Bust rating","4 out of 5 stars","+9"
"241",12,"Dont'e Thornton Jr.",LV,"WR87","8","Coach Upside rating","Coach Bust rating","4 out of 5 stars","-8"
"242",12,"Elijah Arroyo",SEA,"TE29","8","Coach Upside rating","Coach Bust rating","4 out of 5 stars","-1"
"243",12,"Juwan Johnson",NO,"TE30","11","Coach Upside rating","Coach Bust rating","3 out of 5 stars","+43"
"244",12,"Dameon Pierce",HOU,"RB71","6","Coach Upside rating","Coach Bust rating","2 out of 5 stars","+40"
"245",12,"Younghoe Koo",ATL,"K12","5","Coach Upside rating","Coach Bust rating","4 out of 5 stars","-35"
"246",12,"Matt Gay",WAS,"K13","12","Coach Upside rating","Coach Bust rating","3 out of 5 stars","-38"
"247",12,"Brashard Smith",KC,"RB72","10","Coach Upside rating","Coach Bust rating","2 out of 5 stars","+11"
"248",12,"Dyami Brown",JAC,"WR88","8","Coach Upside rating","Coach Bust rating","4 out of 5 stars","+54"
"249",12,"Tahj Brooks",CIN,"RB73","10","Coach Upside rating","Coach Bust rating","4 out of 5 stars","+18"
"250",12,"Jalen Royals",KC,"WR89","10","Coach Upside rating","Coach Bust rating","3 out of 5 stars","+50"
"251",12,"Miles Sanders",DAL,"RB74","10","Coach Upside rating","Coach Bust rating","2 out of 5 stars","-4"
"252",12,"Devaughn Vele",NO,"WR90","11","Coach Upside rating","Coach Bust rating","4 out of 5 stars","+126"
"253",12,"Roman Wilson",PIT,"WR91","5","Coach Upside rating","Coach Bust rating","4 out of 5 stars","+75"
"254",12,"Jaleel McLaughlin",DEN,"RB75","12","Coach Upside rating","Coach Bust rating","2 out of 5 stars","+35"
"255",12,"Isaac TeSlaa",DET,"WR92","8","Coach Upside rating","Coach Bust rating","3 out of 5 stars","-35"
"256",12,"Malik Washington",MIA,"WR93","12","Coach Upside rating","Coach Bust rating","3 out of 5 stars","+160"
"257",12,"Harold Fannin Jr.",CLE,"TE31","9","Coach Upside rating","Coach Bust rating","3 out of 5 stars","+30"
"258",12,"Cole Kmet",CHI,"TE32","5","Coach Upside rating","Coach Bust rating","4 out of 5 stars","-8"
"259",12,"Joe Flacco",CLE,"QB31","9","Coach Upside rating","Coach Bust rating","2 out of 5 stars","+3"
"260",12,"Dallas Cowboys",DAL,"DST16","10","Coach Upside rating–No rating available","Coach Bust rating–No rating available","0 out of 5 stars","-64"
"261",12,"Tampa Bay Buccaneers",TB,"DST17","9","Coach Upside rating–No rating available","Coach Bust rating–No rating available","3 out of 5 stars","-52"
"262",12,"Jarquez Hunter",LAR,"RB76","8","Coach Upside rating","Coach Bust rating","3 out of 5 stars","+9"
"263",12,"Anthony Richardson Sr.",IND,"QB32","11","Coach Upside rating","Coach Bust rating","3 out of 5 stars","-18"
"264",12,"Theo Johnson",NYG,"TE33","14","Coach Upside rating","Coach Bust rating","2 out of 5 stars","+26"
"265",12,"Devin Neal",NO,"RB77","11","Coach Upside rating","Coach Bust rating","4 out of 5 stars","+76"
"266",12,"Brandin Cooks",NO,"WR94","11","Coach Upside rating","Coach Bust rating","4 out of 5 stars","+106"
"267",12,"Sean Tucker",TB,"RB78","9","Coach Upside rating","Coach Bust rating","3 out of 5 stars","+85"
"268",12,"Jalen Tolbert",DAL,"WR95","10","Coach Upside rating","Coach Bust rating","2 out of 5 stars","+75"
"269",12,"Elijah Moore",BUF,"WR96","7","Coach Upside rating","Coach Bust rating","3 out of 5 stars","+45"
"270",12,"Raheem Mostert",LV,"RB79","8","Coach Upside rating","Coach Bust rating","2 out of 5 stars","-51"
"271",12,"Amari Cooper",LV,"WR97","8","Coach Upside rating","Coach Bust rating","4 out of 5 stars","-71"
"272",12,"Kayshon Boutte",NE,"WR98","14","Coach Upside rating","Coach Bust rating","3 out of 5 stars","+73"
"273",12,"Trevor Etienne",CAR,"RB80","14","Coach Upside rating","Coach Bust rating","3 out of 5 stars","+35"
"274",12,"Jason Sanders",MIA,"K14","12","Coach Upside rating","Coach Bust rating","2 out of 5 stars","-69"
"275",12,"Joshua Karty",LAR,"K15","8","Coach Upside rating","Coach Bust rating","2 out of 5 stars","+52"
"276",12,"Kenneth Gainwell",PIT,"RB81","5","Coach Upside rating","Coach Bust rating","4 out of 5 stars","+135"
"277",12,"Noah Gray",KC,"TE34","10","Coach Upside rating","Coach Bust rating","3 out of 5 stars","-20"
"278",12,"Nick Westbrook-Ikhine",MIA,"WR99","12","Coach Upside rating","Coach Bust rating","3 out of 5 stars","+80"
"279",12,"Darren Waller",MIA,"TE35","12","Coach Upside rating","Coach Bust rating","3 out of 5 stars","-91"
"280",13,"Spencer Rattler",NO,"QB33","11","Coach Upside rating","Coach Bust rating","5 out of 5 stars","+140"
"281",13,"Antonio Gibson",NE,"RB82","14","Coach Upside rating","Coach Bust rating","4 out of 5 stars","+58"
"282",13,"Devin Singletary",NYG,"RB83","14","Coach Upside rating","Coach Bust rating","3 out of 5 stars","+62"
"283",13,"Tre Tucker",LV,"WR100","8","Coach Upside rating","Coach Bust rating","4 out of 5 stars","+68"
"284",13,"Elijah Mitchell",KC,"RB84","10","Coach Upside rating","Coach Bust rating","2 out of 5 stars","-28"
"285",13,"Jaxson Dart",NYG,"QB34","14","Coach Upside rating","Coach Bust rating","1 out of 5 stars","-47"
"286",13,"Ty Johnson",BUF,"RB85","7","Coach Upside rating","Coach Bust rating","4 out of 5 stars","+88"
"287",13,"Tyler Shough",NO,"QB35","11","Coach Upside rating","Coach Bust rating","5 out of 5 stars","+23"
"288",13,"Jalen Nailor",MIN,"WR101","6","Coach Upside rating–No rating available","Coach Bust rating–No rating available","2 out of 5 stars","+80"
"289",13,"Parker Washington",JAC,"WR102","8","Coach Upside rating","Coach Bust rating","4 out of 5 stars","+128"
"290",13,"Isaiah Davis",NYJ,"RB86","9","Coach Upside rating","Coach Bust rating","5 out of 5 stars","+337"
"291",13,"Chicago Bears",CHI,"DST18","5","Coach Upside rating–No rating available","Coach Bust rating–No rating available","2 out of 5 stars","-74"
"292",13,"Tyler Loop",BAL,"K16","7","Coach Upside rating","Coach Bust rating","2 out of 5 stars","-107"
"293",13,"Tim Patrick",JAC,"WR103","8","Coach Upside rating","Coach Bust rating","4 out of 5 stars","+68"
"294",13,"Daniel Carlson",LV,"K17","8","Coach Upside rating","Coach Bust rating","3 out of 5 stars","-76"
"295",13,"Luke McCaffrey",WAS,"WR104","12","Coach Upside rating–No rating available","Coach Bust rating–No rating available","3 out of 5 stars","-4"
"296",13,"Cleveland Browns",CLE,"DST19","9","Coach Upside rating–No rating available","Coach Bust rating–No rating available","3 out of 5 stars","-30"
"297",13,"Will Reichard",MIN,"K18","6","Coach Upside rating","Coach Bust rating","0 out of 5 stars","-75"
"298",13,"Emanuel Wilson",GB,"RB87","5","Coach Upside rating","Coach Bust rating","4 out of 5 stars","+105"
"299",13,"Christian Watson",GB,"WR105","5","Coach Upside rating","Coach Bust rating","2 out of 5 stars","+34"
"300",13,"New England Patriots",NE,"DST20","14","Coach Upside rating–No rating available","Coach Bust rating–No rating available","4 out of 5 stars","-84"
"301",13,"Diontae Johnson",FA,"WR106","-","Coach Upside rating","Coach Bust rating","-","0"
"302",13,"Jordan James",SF,"RB88","14","Coach Upside rating","Coach Bust rating","3 out of 5 stars","+9"
"303",13,"Troy Franklin",DEN,"WR107","12","Coach Upside rating","Coach Bust rating","3 out of 5 stars","0"
"304",13,"Taysom Hill",NO,"TE36","11","Coach Upside rating","Coach Bust rating","3 out of 5 stars","-23"
"305",13,"Arizona Cardinals",ARI,"DST21","8","Coach Upside rating–No rating available","Coach Bust rating–No rating available","4 out of 5 stars","-113"
"306",13,"Ray-Ray McCloud III",ATL,"WR108","5","Coach Upside rating","Coach Bust rating","3 out of 5 stars","-9"
"307",13,"Chris Brooks",GB,"RB89","5","Coach Upside rating","Coach Bust rating","4 out of 5 stars","+310"
"308",13,"Terrance Ferguson",LAR,"TE37","8","Coach Upside rating","Coach Bust rating","4 out of 5 stars","-35"
"309",13,"Noah Fant",CIN,"TE38","10","Coach Upside rating","Coach Bust rating","2 out of 5 stars","+12"
"310",13,"Jermaine Burton",CIN,"WR109","10","Coach Upside rating","Coach Bust rating","3 out of 5 stars","+120"
"311",13,"Xavier Restrepo",TEN,"WR110","10","Coach Upside rating","Coach Bust rating","4 out of 5 stars","+66"
"312",13,"Tutu Atwell",LAR,"WR111","8","Coach Upside rating","Coach Bust rating","3 out of 5 stars","+6"
"313",13,"Tez Johnson",TB,"WR112","9","Coach Upside rating","Coach Bust rating","3 out of 5 stars","+25"
"314",13,"Audric Estime",PHI,"RB90","9","Coach Upside rating","Coach Bust rating","3 out of 5 stars","-5"
"315",13,"Tyler Higbee",LAR,"TE39","8","Coach Upside rating","Coach Bust rating","4 out of 5 stars","-9"
"316",13,"Ty Chandler",MIN,"RB91","6","Coach Upside rating","Coach Bust rating","3 out of 5 stars","+53"
"317",13,"Phil Mafah",DAL,"RB92","10","Coach Upside rating","Coach Bust rating","2 out of 5 stars","+247"
"318",13,"Kimani Vidal",LAC,"RB93","12","Coach Upside rating","Coach Bust rating","2 out of 5 stars","+324"
"319",13,"Samaje Perine",CIN,"RB94","10","Coach Upside rating","Coach Bust rating","4 out of 5 stars","+67"
"320",13,"Khalil Herbert",FA,"RB95","-","Coach Upside rating","Coach Bust rating","-","+93"
"321",13,"Sincere McCormick",SF,"RB96","14","Coach Upside rating","Coach Bust rating","3 out of 5 stars","+323"
"322",13,"Oronde Gadsden II",LAC,"TE40","12","Coach Upside rating","Coach Bust rating","3 out of 5 stars","+71"
"323",13,"Jordan Whittington",LAR,"WR113","8","Coach Upside rating","Coach Bust rating","3 out of 5 stars","+61"
"324",13,"Zamir White",LV,"RB97","8","Coach Upside rating","Coach Bust rating","2 out of 5 stars","-7"
"325",13,"Shedeur Sanders",CLE,"QB36","9","Coach Upside rating","Coach Bust rating","2 out of 5 stars","-85"
"326",13,"Josh Reynolds",NYJ,"WR114","9","Coach Upside rating","Coach Bust rating","4 out of 5 stars","+175"
"327",13,"Ben Sinnott",WAS,"TE41","12","Coach Upside rating","Coach Bust rating","3 out of 5 stars","+52"
"328",13,"Damien Martinez",SEA,"RB98","8","Coach Upside rating","Coach Bust rating","3 out of 5 stars","+26"
"329",14,"Will Dissly",LAC,"TE42","12","Coach Upside rating","Coach Bust rating","3 out of 5 stars","+11"
"330",14,"Brandon McManus",GB,"K19","5","Coach Upside rating","Coach Bust rating","3 out of 5 stars","-107"
"331",14,"Noah Brown",WAS,"WR115","12","Coach Upside rating","Coach Bust rating","3 out of 5 stars","+133"
"332",14,"Raheim Sanders",CLE,"RB99","9","Coach Upside rating","Coach Bust rating","4 out of 5 stars","+224"
"333",14,"KaVontae Turpin",DAL,"WR116","10","Coach Upside rating","Coach Bust rating","2 out of 5 stars","+9"
"334",14,"Jason Myers",SEA,"K20","8","Coach Upside rating","Coach Bust rating","5 out of 5 stars","-11"
"335",14,"Tyler Conklin",LAC,"TE43","12","Coach Upside rating","Coach Bust rating","3 out of 5 stars","-60"
"336",14,"Cam Little",JAC,"K21","8","Coach Upside rating","Coach Bust rating","5 out of 5 stars","-156"
"337",14,"Jalen Milroe",SEA,"QB37","8","Coach Upside rating","Coach Bust rating","4 out of 5 stars","-69"
"338",14,"A.J. Dillon",PHI,"RB100","9","Coach Upside rating","Coach Bust rating","3 out of 5 stars","-7"
"339",14,"Miami Dolphins",MIA,"DST22","12","Coach Upside rating–No rating available","Coach Bust rating–No rating available","2 out of 5 stars","-85"
"340",14,"Jaylin Lane",WAS,"WR117","12","Coach Upside rating","Coach Bust rating","3 out of 5 stars","+143"
"341",14,"KeAndre Lambert-Smith",LAC,"WR118","12","Coach Upside rating","Coach Bust rating","3 out of 5 stars","-12"
"342",14,"John Metchie III",PHI,"WR119","9","Coach Upside rating","Coach Bust rating","3 out of 5 stars","+4"
"343",14,"Isaiah Bond",CLE,"WR120","9","Coach Upside rating","Coach Bust rating","2 out of 5 stars","+62"
"344",14,"AJ Barner",SEA,"TE44","8","Coach Upside rating","Coach Bust rating","4 out of 5 stars","+51"
"345",14,"New York Giants",NYG,"DST23","14","Coach Upside rating–No rating available","Coach Bust rating–No rating available","1 out of 5 stars","-146"
"346",14,"Gabe Davis",FA,"WR121","-","Coach Upside rating","Coach Bust rating","-","+140"
"347",14,"Demarcus Robinson",SF,"WR122","14","Coach Upside rating","Coach Bust rating","4 out of 5 stars","+62"
"348",14,"Michael Mayer",LV,"TE45","8","Coach Upside rating","Coach Bust rating","2 out of 5 stars","-16"
"349",14,"Olamide Zaccheaus",CHI,"WR123","5","Coach Upside rating","Coach Bust rating","2 out of 5 stars","-15"
"350",14,"Tai Felton",MIN,"WR124","6","Coach Upside rating","Coach Bust rating","2 out of 5 stars","+124"
"351",14,"Zack Moss",FA,"RB101","-","Coach Upside rating","Coach Bust rating","-","-86"
"352",14,"Dawson Knox",BUF,"TE46","7","Coach Upside rating","Coach Bust rating","3 out of 5 stars","-53"
"353",14,"Kirk Cousins",ATL,"QB38","5","Coach Upside rating","Coach Bust rating","4 out of 5 stars","-60"
"354",14,"Jake Moody",SF,"K22","14","Coach Upside rating","Coach Bust rating","5 out of 5 stars","-130"
"355",14,"Dillon Gabriel",CLE,"QB39","9","Coach Upside rating","Coach Bust rating","2 out of 5 stars","+242"
"356",14,"Kalel Mullings",TEN,"RB102","10","Coach Upside rating","Coach Bust rating","2 out of 5 stars","+217"
"357",14,"Luke Musgrave",GB,"TE47","5","Coach Upside rating","Coach Bust rating","2 out of 5 stars","-38"
"358",14,"Savion Williams",GB,"WR125","5","Coach Upside rating","Coach Bust rating","2 out of 5 stars","+89"
"359",14,"Chimere Dike",TEN,"WR126","10","Coach Upside rating","Coach Bust rating","4 out of 5 stars","+294"
"360",14,"Justin Tucker",FA,"K23","-","Coach Upside rating","Coach Bust rating","-","-96"
"361",14,"LeQuint Allen Jr.",JAC,"RB103","8","Coach Upside rating","Coach Bust rating","2 out of 5 stars","+322"
"362",14,"Jameis Winston",NYG,"QB40","14","Coach Upside rating","Coach Bust rating","1 out of 5 stars","-49"
"363",14,"Jimmy Garoppolo",LAR,"QB41","8","Coach Upside rating","Coach Bust rating","3 out of 5 stars","-13"
"364",14,"Curtis Samuel",BUF,"WR127","7","Coach Upside rating","Coach Bust rating","3 out of 5 stars","+97"
"365",14,"Zay Jones",ARI,"WR128","8","Coach Upside rating","Coach Bust rating","4 out of 5 stars","+215"
"366",14,"Allen Lazard",NYJ,"WR129","9","Coach Upside rating","Coach Bust rating","4 out of 5 stars","+16"
"367",14,"Mack Hollins",NE,"WR130","14","Coach Upside rating","Coach Bust rating","3 out of 5 stars","+23"
"368",14,"Jahan Dotson",PHI,"WR131","9","Coach Upside rating","Coach Bust rating","3 out of 5 stars","-44"
"369",14,"Washington Commanders",WAS,"DST24","12","Coach Upside rating–No rating available","Coach Bust rating–No rating available","4 out of 5 stars","-172"
"370",14,"Emari Demercado",ARI,"RB104","8","Coach Upside rating","Coach Bust rating","3 out of 5 stars","+243"
"371",14,"Marquez Valdes-Scantling",SF,"WR132","14","Coach Upside rating","Coach Bust rating","4 out of 5 stars","-56"
"372",14,"Gus Edwards",FA,"RB105","-","Coach Upside rating","Coach Bust rating","-","+215"
"373",14,"Tank Dell",HOU,"WR133","6","Coach Upside rating","Coach Bust rating","4 out of 5 stars","-57"
"374",14,"Austin Hooper",NE,"TE48","14","Coach Upside rating","Coach Bust rating","3 out of 5 stars","-27"
"375",14,"Gunnar Helm",TEN,"TE49","10","Coach Upside rating","Coach Bust rating","3 out of 5 stars","+40"
"376",14,"Cam Akers",FA,"RB106","-","Coach Upside rating","Coach Bust rating","-","+42"
"377",14,"Van Jefferson",TEN,"WR134","10","Coach Upside rating–No rating available","Coach Bust rating–No rating available","4 out of 5 stars","+178"
"378",14,"Chad Ryland",ARI,"K24","8","Coach Upside rating","Coach Bust rating","3 out of 5 stars","-41"
"379",14,"Cairo Santos",CHI,"K25","5","Coach Upside rating","Coach Bust rating","1 out of 5 stars","-103"
"380",14,"Jamari Thrash",CLE,"WR135","9","Coach Upside rating","Coach Bust rating","2 out of 5 stars","+214"
"381",14,"Trey Sermon",PIT,"RB107","5","Coach Upside rating","Coach Bust rating","4 out of 5 stars","+220"
"382",15,"Donovan Edwards",WAS,"RB108","12","Coach Upside rating","Coach Bust rating","2 out of 5 stars","+204"
"383",15,"Matt Prater",FA,"K26","-","Coach Upside rating","Coach Bust rating","-","+129"
"384",15,"Craig Reynolds",DET,"RB109","8","Coach Upside rating","Coach Bust rating","2 out of 5 stars","-13"
"385",15,"Cade Stover",HOU,"TE50","6","Coach Upside rating","Coach Bust rating","3 out of 5 stars","+106"
"386",15,"Greg Dortch",ARI,"WR136","8","Coach Upside rating","Coach Bust rating","4 out of 5 stars","+197"
"387",15,"Indianapolis Colts",IND,"DST25","11","Coach Upside rating–No rating available","Coach Bust rating–No rating available","4 out of 5 stars","-128"
"388",15,"Atlanta Falcons",ATL,"DST26","5","Coach Upside rating–No rating available","Coach Bust rating–No rating available","3 out of 5 stars","-118"
"389",15,"Kyle Juszczyk",SF,"RB110","14","Coach Upside rating","Coach Bust rating","3 out of 5 stars","+36"
"390",15,"Luke Schoonmaker",DAL,"TE51","10","Coach Upside rating","Coach Bust rating","2 out of 5 stars","+1"
"391",15,"Antwane Wells Jr.",FA,"WR137","-","Coach Upside rating–No rating available","Coach Bust rating–No rating available","-","-"
"392",15,"Eddy Pineiro",FA,"K27","-","Coach Upside rating","Coach Bust rating","-","+86"
"393",15,"Hunter Renfrow",CAR,"WR138","14","Coach Upside rating","Coach Bust rating","4 out of 5 stars","-63"
"394",15,"Jacob Cowing",SF,"WR139","14","Coach Upside rating","Coach Bust rating","4 out of 5 stars","+269"
"395",15,"Kenny Pickett",LV,"QB42","8","Coach Upside rating","Coach Bust rating","3 out of 5 stars","+68"
"396",15,"Joe Milton III",DAL,"QB43","10","Coach Upside rating","Coach Bust rating","2 out of 5 stars","-60"
"397",15,"Blake Grupe",NO,"K28","11","Coach Upside rating–No rating available","Coach Bust rating–No rating available","5 out of 5 stars","-92"
"398",15,"Theo Wease Jr.",MIA,"WR140","12","Coach Upside rating","Coach Bust rating","3 out of 5 stars","+291"
"399",15,"Tyrod Taylor",NYJ,"QB44","9","Coach Upside rating","Coach Bust rating","5 out of 5 stars","+273"
"400",15,"Josh Oliver",MIN,"TE52","6","Coach Upside rating","Coach Bust rating","3 out of 5 stars","-44"
"401",15,"Dare Ogunbowale",HOU,"RB111","6","Coach Upside rating–No rating available","Coach Bust rating–No rating available","2 out of 5 stars","+286"
"402",15,"Jonathon Brooks",CAR,"RB112","14","Coach Upside rating–No rating available","Coach Bust rating–No rating available","3 out of 5 stars","+279"
"403",15,"Graham Gano",NYG,"K29","14","Coach Upside rating–No rating available","Coach Bust rating–No rating available","0 out of 5 stars","-118"
"404",15,"Tommy Tremble",CAR,"TE53","14","Coach Upside rating","Coach Bust rating","4 out of 5 stars","+62"
"405",15,"Foster Moreau",NO,"TE54","11","Coach Upside rating","Coach Bust rating","3 out of 5 stars","+243"
"406",15,"Cincinnati Bengals",CIN,"DST27","10","Coach Upside rating–No rating available","Coach Bust rating–No rating available","2 out of 5 stars","-170"
"407",15,"Julius Chestnut",TEN,"RB113","10","Coach Upside rating–No rating available","Coach Bust rating–No rating available","2 out of 5 stars","+128"
"408",15,"Efton Chism III",NE,"WR141","14","Coach Upside rating","Coach Bust rating","3 out of 5 stars","-83"
"409",15,"JuJu Smith-Schuster",KC,"WR142","10","Coach Upside rating","Coach Bust rating","3 out of 5 stars","-105"
"410",15,"Jalin Hyatt",NYG,"WR143","14","Coach Upside rating–No rating available","Coach Bust rating–No rating available","2 out of 5 stars","-37"
"411",15,"Arian Smith",NYJ,"WR144","9","Coach Upside rating–No rating available","Coach Bust rating–No rating available","4 out of 5 stars","+211"
"412",15,"George Holani",SEA,"RB114","8","Coach Upside rating–No rating available","Coach Bust rating–No rating available","3 out of 5 stars","+206"
"413",15,"Xavier Hutchinson",HOU,"WR145","6","Coach Upside rating–No rating available","Coach Bust rating–No rating available","4 out of 5 stars","+239"
"414",15,"Mason Rudolph",PIT,"QB45","5","Coach Upside rating–No rating available","Coach Bust rating–No rating available","4 out of 5 stars","-51"
"415",15,"Jeremy McNichols",WAS,"RB115","12","Coach Upside rating","Coach Bust rating","2 out of 5 stars","+30"
"416",15,"New Orleans Saints",NO,"DST28","11","Coach Upside rating–No rating available","Coach Bust rating–No rating available","4 out of 5 stars","-155"
"417",15,"Nick Folk",NYJ,"K30","9","Coach Upside rating–No rating available","Coach Bust rating–No rating available","2 out of 5 stars","-19"
"418",15,"Jordan Watkins",SF,"WR146","14","Coach Upside rating–No rating available","Coach Bust rating–No rating available","4 out of 5 stars","+220"
"419",15,"Ja'Quinden Jackson",JAC,"RB116","8","Coach Upside rating–No rating available","Coach Bust rating–No rating available","2 out of 5 stars","+300"
"420",15,"Tyler Goodson",IND,"RB117","11","Coach Upside rating–No rating available","Coach Bust rating–No rating available","2 out of 5 stars","+220"
"421",15,"Skyy Moore",SF,"WR147","14","Coach Upside rating–No rating available","Coach Bust rating–No rating available","4 out of 5 stars","-33"
"422",15,"Hassan Haskins",LAC,"RB118","12","Coach Upside rating–No rating available","Coach Bust rating–No rating available","2 out of 5 stars","+219"
"423",15,"Las Vegas Raiders",LV,"DST29","8","Coach Upside rating–No rating available","Coach Bust rating–No rating available","4 out of 5 stars","-163"
"424",15,"Alec Ingold",MIA,"RB119","12","Coach Upside rating–No rating available","Coach Bust rating–No rating available","4 out of 5 stars","+272"
"425",15,"Kalif Raymond",DET,"WR148","8","Coach Upside rating–No rating available","Coach Bust rating–No rating available","3 out of 5 stars","-31"
"426",15,"Tyquan Thornton",KC,"WR149","10","Coach Upside rating–No rating available","Coach Bust rating–No rating available","3 out of 5 stars","+9"
"427",15,"Grant Calcaterra",PHI,"TE55","9","Coach Upside rating","Coach Bust rating","3 out of 5 stars","-67"
"428",15,"Tyler Badie",DEN,"RB120","12","Coach Upside rating–No rating available","Coach Bust rating–No rating available","2 out of 5 stars","+110"
"429",15,"Deshaun Watson",CLE,"QB46","9","Coach Upside rating–No rating available","Coach Bust rating–No rating available","2 out of 5 stars","-59"
"430",15,"Jeremy Ruckert",NYJ,"TE56","9","Coach Upside rating","Coach Bust rating","3 out of 5 stars","+191"
"431",15,"Pierre Strong Jr.",FA,"RB121","-","Coach Upside rating","Coach Bust rating","-","+273"
"432",15,"Malik Willis",GB,"QB47","5","Coach Upside rating–No rating available","Coach Bust rating–No rating available","2 out of 5 stars","-51"
"433",15,"Tyler Johnson",NYJ,"WR150","9","Coach Upside rating–No rating available","Coach Bust rating–No rating available","4 out of 5 stars","+236"
"434",15,"Javon Baker",PHI,"WR151","9","Coach Upside rating–No rating available","Coach Bust rating–No rating available","3 out of 5 stars","+276"
"435",15,"D'Ernest Johnson",FA,"RB122","-","Coach Upside rating–No rating available","Coach Bust rating–No rating available","-","-"
"436",15,"Hunter Luepke",DAL,"RB123","10","Coach Upside rating–No rating available","Coach Bust rating–No rating available","2 out of 5 stars","+179"
"437",15,"Devontez Walker",BAL,"WR152","7","Coach Upside rating–No rating available","Coach Bust rating–No rating available","3 out of 5 stars","+99"
"438",15,"Darnell Washington",PIT,"TE57","5","Coach Upside rating–No rating available","Coach Bust rating–No rating available","3 out of 5 stars","-103"
"439",15,"Casey Washington",ATL,"WR153","5","Coach Upside rating–No rating available","Coach Bust rating–No rating available","3 out of 5 stars","+409"
"440",15,"Mitchell Evans",CAR,"TE58","14","Coach Upside rating–No rating available","Coach Bust rating–No rating available","4 out of 5 stars","-19"
"441",15,"Aidan O'Connell",LV,"QB48","8","Coach Upside rating–No rating available","Coach Bust rating–No rating available","3 out of 5 stars","+213"
"442",15,"Chris Tyree",NO,"RB124","11","Coach Upside rating–No rating available","Coach Bust rating–No rating available","4 out of 5 stars","-"
"443",15,"Jonathan Mingo",DAL,"WR154","10","Coach Upside rating–No rating available","Coach Bust rating–No rating available","2 out of 5 stars","+185"
"444",15,"Jimmy Horn Jr.",CAR,"WR155","14","Coach Upside rating–No rating available","Coach Bust rating–No rating available","4 out of 5 stars","-87"
"445",15,"Robert Woods",PIT,"WR156","5","Coach Upside rating","Coach Bust rating","4 out of 5 stars","+69"
"446",15,"Stone Smartt",NYJ,"TE59","9","Coach Upside rating–No rating available","Coach Bust rating–No rating available","3 out of 5 stars","+361"
"447",15,"John Bates",WAS,"TE60","12","Coach Upside rating–No rating available","Coach Bust rating–No rating available","3 out of 5 stars","+24"
"448",15,"David Bell",CLE,"WR157","9","Coach Upside rating–No rating available","Coach Bust rating–No rating available","2 out of 5 stars","+3"
"449",15,"Michael Carter",ARI,"RB125","8","Coach Upside rating–No rating available","Coach Bust rating–No rating available","3 out of 5 stars","+155"
"450",16,"Elijah Higgins",ARI,"TE61","8","Coach Upside rating–No rating available","Coach Bust rating–No rating available","5 out of 5 stars","-84"
"451",16,"KhaDarel Hodge",ATL,"WR158","5","Coach Upside rating–No rating available","Coach Bust rating–No rating available","3 out of 5 stars","+285"
"452",16,"Marcus Mariota",WAS,"QB49","12","Coach Upside rating–No rating available","Coach Bust rating–No rating available","2 out of 5 stars","-18"
"453",16,"Matthew Wright",FA,"K31","-","Coach Upside rating–No rating available","Coach Bust rating–No rating available","-","-70"
"454",16,"Zach Wilson",MIA,"QB50","12","Coach Upside rating–No rating available","Coach Bust rating–No rating available","5 out of 5 stars","+2"
"455",16,"Clyde Edwards-Helaire",KC,"RB126","10","Coach Upside rating–No rating available","Coach Bust rating–No rating available","2 out of 5 stars","+152"
"456",16,"David Moore",CAR,"WR159","14","Coach Upside rating–No rating available","Coach Bust rating–No rating available","4 out of 5 stars","+46"
"457",16,"Malachi Corley",CLE,"WR160","9","Coach Upside rating–No rating available","Coach Bust rating–No rating available","2 out of 5 stars","+400"
"458",16,"Colby Parkinson",LAR,"TE62","8","Coach Upside rating–No rating available","Coach Bust rating–No rating available","4 out of 5 stars","+91"
"459",16,"Daniel Bellinger",NYG,"TE63","14","Coach Upside rating–No rating available","Coach Bust rating–No rating available","2 out of 5 stars","+16"
"460",16,"Sterling Shepard",TB,"WR161","9","Coach Upside rating–No rating available","Coach Bust rating–No rating available","3 out of 5 stars","-16"
"461",16,"Sione Vaki",DET,"RB127","8","Coach Upside rating–No rating available","Coach Bust rating–No rating available","2 out of 5 stars","+127"
"462",16,"Mac Jones",SF,"QB51","14","Coach Upside rating–No rating available","Coach Bust rating–No rating available","4 out of 5 stars","-61"
"463",16,"Greg Dulcich",MIA,"TE64","12","Coach Upside rating–No rating available","Coach Bust rating–No rating available","3 out of 5 stars","+327"
"464",16,"Payne Durham",TB,"TE65","9","Coach Upside rating–No rating available","Coach Bust rating–No rating available","3 out of 5 stars","+244"
"465",16,"Carson Steele",KC,"RB128","10","Coach Upside rating–No rating available","Coach Bust rating–No rating available","2 out of 5 stars","-63"
"466",16,"Jeff Wilson Jr.",MIA,"RB129","12","Coach Upside rating–No rating available","Coach Bust rating–No rating available","4 out of 5 stars","+228"
"467",16,"Jake Bobo",SEA,"WR162","8","Coach Upside rating–No rating available","Coach Bust rating–No rating available","3 out of 5 stars","-108"
"468",16,"Jacksonville Jaguars",JAC,"DST30","8","Coach Upside rating–No rating available","Coach Bust rating–No rating available","4 out of 5 stars","-161"
"469",16,"Tennessee Titans",TEN,"DST31","10","Coach Upside rating–No rating available","Coach Bust rating–No rating available","5 out of 5 stars","-197"
"470",16,"Carolina Panthers",CAR,"DST32","14","Coach Upside rating–No rating available","Coach Bust rating–No rating available","3 out of 5 stars","-158"
"471",16,"Mitchell Tinsley",CIN,"WR163","10","Coach Upside rating–No rating available","Coach Bust rating–No rating available","3 out of 5 stars","-122"
"472",16,"Julian Hill",MIA,"TE66","12","Coach Upside rating–No rating available","Coach Bust rating–No rating available","3 out of 5 stars","-73"
"473",16,"Will Howard",PIT,"QB52","5","Coach Upside rating–No rating available","Coach Bust rating–No rating available","4 out of 5 stars","-73"
"474",16,"Gardner Minshew II",KC,"QB53","10","Coach Upside rating–No rating available","Coach Bust rating–No rating available","3 out of 5 stars","-89"
"475",16,"Patrick Ricard",BAL,"RB130","7","Coach Upside rating–No rating available","Coach Bust rating–No rating available","4 out of 5 stars","+6"
"476",16,"Andy Dalton",CAR,"QB54","14","Coach Upside rating–No rating available","Coach Bust rating–No rating available","3 out of 5 stars","+6"
"477",16,"Sam Howell",PHI,"QB55","9","Coach Upside rating–No rating available","Coach Bust rating–No rating available","3 out of 5 stars","-18"
"478",16,"Kendrick Bourne",FA,"WR164","-","Coach Upside rating","Coach Bust rating","-","+132"
"479",16,"Ricky White III",SEA,"WR165","8","Coach Upside rating–No rating available","Coach Bust rating–No rating available","3 out of 5 stars","+18"
"480",16,"Brock Wright",DET,"TE67","8","Coach Upside rating–No rating available","Coach Bust rating–No rating available","3 out of 5 stars","-116"
"481",16,"Rasheen Ali",BAL,"RB131","7","Coach Upside rating–No rating available","Coach Bust rating–No rating available","4 out of 5 stars","+73"
"482",16,"Xavier Gipson",NYJ,"WR166","9","Coach Upside rating–No rating available","Coach Bust rating–No rating available","4 out of 5 stars","+345"
"483",16,"Carlos Washington Jr.",ATL,"RB132","5","Coach Upside rating–No rating available","Coach Bust rating–No rating available","4 out of 5 stars","-"
"484",16,"Jase McClellan",FA,"RB133","-","Coach Upside rating–No rating available","Coach Bust rating–No rating available","-","+363"
"485",16,"Jake Browning",CIN,"QB56","10","Coach Upside rating–No rating available","Coach Bust rating–No rating available","2 out of 5 stars","-73"
"486",16,"Johnny Mundt",JAC,"TE68","8","Coach Upside rating–No rating available","Coach Bust rating–No rating available","3 out of 5 stars","+198"
"487",16,"Harrison Bryant",HOU,"TE69","6","Coach Upside rating–No rating available","Coach Bust rating–No rating available","3 out of 5 stars","+211"
"488",16,"C.J. Ham",MIN,"RB134","6","Coach Upside rating–No rating available","Coach Bust rating–No rating available","3 out of 5 stars","-49"
"489",16,"Dylan Laube",LV,"RB135","8","Coach Upside rating–No rating available","Coach Bust rating–No rating available","2 out of 5 stars","+148"
"490",16,"Beaux Collins",NYG,"WR167","14","Coach Upside rating–No rating available","Coach Bust rating–No rating available","2 out of 5 stars","+30"
"491",16,"Thomas Fidone II",NYG,"TE70","14","Coach Upside rating–No rating available","Coach Bust rating–No rating available","2 out of 5 stars","+84"
"492",16,"Luke Lachey",HOU,"TE71","6","Coach Upside rating–No rating available","Coach Bust rating–No rating available","3 out of 5 stars","-"
"493",16,"Trent Sherfield Sr.",DEN,"WR168","12","Coach Upside rating–No rating available","Coach Bust rating–No rating available","3 out of 5 stars","+242"
"494",16,"Ben Skowronek",PIT,"WR169","5","Coach Upside rating–No rating available","Coach Bust rating–No rating available","4 out of 5 stars","+208"
"495",16,"Marcus Yarns",FA,"RB136","-","Coach Upside rating–No rating available","Coach Bust rating–No rating available","-","+331"
"496",16,"Cordarrelle Patterson",FA,"RB137","-","Coach Upside rating–No rating available","Coach Bust rating–No rating available","-","+178"
"497",16,"Trey Lance",LAC,"QB57","12","Coach Upside rating–No rating available","Coach Bust rating–No rating available","3 out of 5 stars","+73"
"498",16,"Cooper Rush",BAL,"QB58","7","Coach Upside rating–No rating available","Coach Bust rating–No rating available","3 out of 5 stars","-106"
"499",16,"Eric Gray",NYG,"RB138","14","Coach Upside rating–No rating available","Coach Bust rating–No rating available","3 out of 5 stars","+320"
"500",16,"DeeJay Dallas",CAR,"RB139","14","Coach Upside rating–No rating available","Coach Bust rating–No rating available","3 out of 5 stars","+199"
"501",16,"Derius Davis",LAC,"WR170","12","Coach Upside rating–No rating available","Coach Bust rating–No rating available","3 out of 5 stars","+36"
"502",16,"Adam Trautman",DEN,"TE72","12","Coach Upside rating–No rating available","Coach Bust rating–No rating available","3 out of 5 stars","-96"
"503",16,"Tylan Wallace",BAL,"WR171","7","Coach Upside rating–No rating available","Coach Bust rating–No rating available","3 out of 5 stars","+40"
"504",16,"Josh Williams",TB,"RB140","9","Coach Upside rating–No rating available","Coach Bust rating–No rating available","3 out of 5 stars","+172"
"505",16,"Andrew Beck",NYJ,"TE73","9","Coach Upside rating–No rating available","Coach Bust rating–No rating available","3 out of 5 stars","+168"
"506",16,"Tanner Hudson",CIN,"TE74","10","Coach Upside rating–No rating available","Coach Bust rating–No rating available","2 out of 5 stars","+164"
"507",16,"Luke Farrell",SF,"TE75","14","Coach Upside rating–No rating available","Coach Bust rating–No rating available","3 out of 5 stars","+35"
"508",16,"Charlie Kolar",BAL,"TE76","7","Coach Upside rating–No rating available","Coach Bust rating–No rating available","3 out of 5 stars","+84"